[
  {
    "name": "Quadratic Formula",
    "formula": "x = [-b \u00b1 \u221a(b\u00b2 - 4ac)] / 2a",
    "description": "Solutions for quadratic equation ax\u00b2 + bx + c = 0",
    "conditions": "For a \u2260 0",
    "topics": [
      "Quadratic Equations",
      "Algebra",
      "Roots"
    ]
  },
  {
    "name": "Derivative of Power Function",
    "formula": "d/dx(x\u207f) = nx^(n-1)",
    "description": "Power rule for differentiation",
    "conditions": "For any real number n",
    "topics": [
      "Differentiation",
      "Calculus",
      "Power Rule"
    ]
  },
  {
    "name": "Integration by Parts",
    "formula": "\u222bu dv = uv - \u222bv du",
    "description": "Method for integrating products of functions",
    "conditions": "For differentiable functions",
    "topics": [
      "Integration",
      "Calculus",
      "Integration Techniques"
    ]
  }
]