[
  {
    "name": "Kinematic Equation 1",
    "formula": "v = u + at",
    "description": "Final velocity equals initial velocity plus acceleration times time",
    "conditions": "For constant acceleration",
    "topics": [
      "Kinematics",
      "Motion",
      "Acceleration"
    ]
  },
  {
    "name": "Kinematic Equation 2",
    "formula": "s = ut + (1/2)at\u00b2",
    "description": "Displacement equals initial velocity times time plus half acceleration times time squared",
    "conditions": "For constant acceleration",
    "topics": [
      "Kinematics",
      "Displacement",
      "Motion"
    ]
  },
  {
    "name": "Newton's Second Law",
    "formula": "F = ma",
    "description": "Force equals mass times acceleration",
    "conditions": "For constant mass",
    "topics": [
      "Force",
      "Newton's Laws",
      "Dynamics"
    ]
  },
  {
    "name": "Work-Energy Theorem",
    "formula": "W = \u0394KE = (1/2)mv\u00b2 - (1/2)mu\u00b2",
    "description": "Work done equals change in kinetic energy",
    "conditions": "For conservative forces",
    "topics": [
      "Work",
      "Energy",
      "Kinetic Energy"
    ]
  }
]