{
  "year": "2023",
  "questions": [
    {
      "text": "A particle moves along a straight line with velocity v = 3t\u00b2 - 6t + 2 m/s. Find the acceleration at t = 2 seconds.",
      "subject": "physics",
      "topics": [
        "Kinematics",
        "Velocity",
        "Acceleration"
      ],
      "difficulty": "Medium",
      "marks": 3,
      "solution": "Given: v = 3t\u00b2 - 6t + 2\nAcceleration a = dv/dt = 6t - 6\nAt t = 2s: a = 6(2) - 6 = 12 - 6 = 6 m/s\u00b2"
    },
    {
      "text": "Calculate the pH of a 0.01 M HCl solution.",
      "subject": "chemistry",
      "topics": [
        "Acids and Bases",
        "pH Calculation"
      ],
      "difficulty": "Easy",
      "marks": 2,
      "solution": "HCl is a strong acid, so [H\u207a] = 0.01 M\npH = -log[H\u207a] = -log(0.01) = -log(10\u207b\u00b2) = 2"
    },
    {
      "text": "Find the derivative of f(x) = sin(x\u00b2) with respect to x.",
      "subject": "mathematics",
      "topics": [
        "Differentiation",
        "Chain Rule",
        "Trigonometry"
      ],
      "difficulty": "Medium",
      "marks": 3,
      "solution": "Using chain rule: f'(x) = cos(x\u00b2) \u00b7 d/dx(x\u00b2) = cos(x\u00b2) \u00b7 2x = 2x\u00b7cos(x\u00b2)"
    }
  ]
}