{
  "chapter": "Chemical Bonding",
  "passages": [
    {
      "text": "Ionic bonds are formed when electrons are transferred from one atom to another, resulting in the formation of ions. The electrostatic attraction between oppositely charged ions holds them together.",
      "page": 45,
      "topics": [
        "Ionic Bonding",
        "Electron Transfer",
        "Ions"
      ]
    },
    {
      "text": "Covalent bonds are formed when atoms share electrons to achieve a stable electron configuration. The shared electrons are counted in the valence shells of both atoms.",
      "page": 48,
      "topics": [
        "Covalent Bonding",
        "Electron Sharing",
        "Valence Electrons"
      ]
    },
    {
      "text": "The octet rule states that atoms tend to gain, lose, or share electrons to achieve a configuration with eight electrons in their outermost shell, similar to noble gases.",
      "page": 43,
      "topics": [
        "Octet Rule",
        "Electron Configuration",
        "Chemical Stability"
      ]
    }
  ]
}