{
  "chapter": "Differential Calculus",
  "passages": [
    {
      "text": "The derivative of a function f(x) at a point x is defined as the limit of the difference quotient as h approaches zero: f'(x) = lim(h\u21920) [f(x+h) - f(x)]/h",
      "page": 178,
      "topics": [
        "Derivatives",
        "Limits",
        "Differentiation"
      ]
    },
    {
      "text": "The chain rule states that if y = f(g(x)), then dy/dx = f'(g(x)) \u00b7 g'(x). This is used to find derivatives of composite functions.",
      "page": 185,
      "topics": [
        "Chain Rule",
        "Composite Functions",
        "Differentiation"
      ]
    },
    {
      "text": "The product rule states that if y = u(x) \u00b7 v(x), then dy/dx = u'(x) \u00b7 v(x) + u(x) \u00b7 v'(x). This is used for differentiating products of functions.",
      "page": 183,
      "topics": [
        "Product Rule",
        "Differentiation",
        "Products of Functions"
      ]
    }
  ]
}